Bloque,IPs Muestra,Resultado,zen.spamhaus.org,Total Listas
185.220.64.0/24,185.220.64.1| 185.220.64.26| 185.220.64.32| 185.220.64.128| 185.220.64.231| 185.220.64.237| 185.220.64.245| 185.220.64.106| 185.220.64.118| 185.220.64.223| 185.220.64.59| 185.220.64.148| 185.220.64.31| 185.220.64.178| 185.220.64.254,LIMPIO,,0
185.220.65.0/24,185.220.65.1| 185.220.65.136| 185.220.65.54| 185.220.65.19| 185.220.65.144| 185.220.65.85| 185.220.65.40| 185.220.65.32| 185.220.65.137| 185.220.65.23| 185.220.65.103| 185.220.65.98| 185.220.65.138| 185.220.65.185| 185.220.65.254,LIMPIO,,0
185.220.66.0/24,185.220.66.1| 185.220.66.80| 185.220.66.110| 185.220.66.218| 185.220.66.41| 185.220.66.223| 185.220.66.42| 185.220.66.22| 185.220.66.52| 185.220.66.220| 185.220.66.140| 185.220.66.252| 185.220.66.236| 185.220.66.90| 185.220.66.254,LIMPIO,,0
185.220.67.0/24,185.220.67.1| 185.220.67.121| 185.220.67.242| 185.220.67.195| 185.220.67.231| 185.220.67.9| 185.220.67.142| 185.220.67.165| 185.220.67.86| 185.220.67.69| 185.220.67.53| 185.220.67.163| 185.220.67.182| 185.220.67.68| 185.220.67.254,LIMPIO,,0
185.220.68.0/24,185.220.68.1| 185.220.68.228| 185.220.68.38| 185.220.68.192| 185.220.68.49| 185.220.68.151| 185.220.68.244| 185.220.68.174| 185.220.68.112| 185.220.68.33| 185.220.68.133| 185.220.68.182| 185.220.68.180| 185.220.68.145| 185.220.68.254,BLOQUEO,,15
185.220.69.0/24,185.220.69.1| 185.220.69.105| 185.220.69.86| 185.220.69.124| 185.220.69.16| 185.220.69.198| 185.220.69.100| 185.220.69.55| 185.220.69.240| 185.220.69.75| 185.220.69.190| 185.220.69.226| 185.220.69.34| 185.220.69.218| 185.220.69.254,LIMPIO,,0
185.220.70.0/24,185.220.70.1| 185.220.70.197| 185.220.70.238| 185.220.70.234| 185.220.70.55| 185.220.70.76| 185.220.70.49| 185.220.70.213| 185.220.70.44| 185.220.70.4| 185.220.70.43| 185.220.70.236| 185.220.70.41| 185.220.70.199| 185.220.70.254,LIMPIO,,0
185.220.71.0/24,185.220.71.1| 185.220.71.212| 185.220.71.146| 185.220.71.30| 185.220.71.246| 185.220.71.252| 185.220.71.166| 185.220.71.241| 185.220.71.12| 185.220.71.222| 185.220.71.21| 185.220.71.102| 185.220.71.168| 185.220.71.201| 185.220.71.254,LIMPIO,,0
185.220.72.0/24,185.220.72.1| 185.220.72.171| 185.220.72.125| 185.220.72.37| 185.220.72.158| 185.220.72.12| 185.220.72.144| 185.220.72.241| 185.220.72.170| 185.220.72.40| 185.220.72.199| 185.220.72.187| 185.220.72.7| 185.220.72.56| 185.220.72.254,LIMPIO,,0
185.220.73.0/24,185.220.73.1| 185.220.73.66| 185.220.73.111| 185.220.73.36| 185.220.73.35| 185.220.73.247| 185.220.73.43| 185.220.73.154| 185.220.73.21| 185.220.73.118| 185.220.73.144| 185.220.73.193| 185.220.73.222| 185.220.73.198| 185.220.73.254,LIMPIO,,0
185.220.74.0/24,185.220.74.1| 185.220.74.228| 185.220.74.9| 185.220.74.246| 185.220.74.107| 185.220.74.149| 185.220.74.202| 185.220.74.43| 185.220.74.139| 185.220.74.21| 185.220.74.64| 185.220.74.29| 185.220.74.44| 185.220.74.109| 185.220.74.254,LIMPIO,,0
185.220.75.0/24,185.220.75.1| 185.220.75.235| 185.220.75.90| 185.220.75.121| 185.220.75.9| 185.220.75.120| 185.220.75.35| 185.220.75.253| 185.220.75.145| 185.220.75.85| 185.220.75.226| 185.220.75.169| 185.220.75.11| 185.220.75.113| 185.220.75.254,LIMPIO,,0
185.220.76.0/24,185.220.76.1| 185.220.76.46| 185.220.76.197| 185.220.76.74| 185.220.76.76| 185.220.76.80| 185.220.76.127| 185.220.76.191| 185.220.76.20| 185.220.76.43| 185.220.76.93| 185.220.76.227| 185.220.76.223| 185.220.76.203| 185.220.76.254,LIMPIO,,0
185.220.77.0/24,185.220.77.1| 185.220.77.92| 185.220.77.6| 185.220.77.208| 185.220.77.239| 185.220.77.96| 185.220.77.190| 185.220.77.221| 185.220.77.85| 185.220.77.243| 185.220.77.66| 185.220.77.59| 185.220.77.230| 185.220.77.128| 185.220.77.254,LIMPIO,,0
185.220.78.0/24,185.220.78.1| 185.220.78.54| 185.220.78.222| 185.220.78.204| 185.220.78.100| 185.220.78.166| 185.220.78.81| 185.220.78.9| 185.220.78.146| 185.220.78.173| 185.220.78.227| 185.220.78.184| 185.220.78.74| 185.220.78.23| 185.220.78.254,LIMPIO,,0
185.220.79.0/24,185.220.79.1| 185.220.79.34| 185.220.79.49| 185.220.79.87| 185.220.79.118| 185.220.79.48| 185.220.79.144| 185.220.79.145| 185.220.79.252| 185.220.79.205| 185.220.79.213| 185.220.79.18| 185.220.79.132| 185.220.79.29| 185.220.79.254,LIMPIO,,0
185.220.80.0/24,185.220.80.1| 185.220.80.109| 185.220.80.49| 185.220.80.221| 185.220.80.86| 185.220.80.63| 185.220.80.243| 185.220.80.14| 185.220.80.176| 185.220.80.120| 185.220.80.128| 185.220.80.250| 185.220.80.41| 185.220.80.97| 185.220.80.254,LIMPIO,,0
185.220.81.0/24,185.220.81.1| 185.220.81.127| 185.220.81.161| 185.220.81.171| 185.220.81.55| 185.220.81.19| 185.220.81.95| 185.220.81.17| 185.220.81.110| 185.220.81.39| 185.220.81.90| 185.220.81.108| 185.220.81.99| 185.220.81.26| 185.220.81.254,LIMPIO,,0
185.220.82.0/24,185.220.82.1| 185.220.82.117| 185.220.82.84| 185.220.82.147| 185.220.82.225| 185.220.82.133| 185.220.82.184| 185.220.82.209| 185.220.82.90| 185.220.82.154| 185.220.82.98| 185.220.82.235| 185.220.82.216| 185.220.82.106| 185.220.82.254,LIMPIO,,0
185.220.83.0/24,185.220.83.1| 185.220.83.237| 185.220.83.88| 185.220.83.156| 185.220.83.166| 185.220.83.212| 185.220.83.196| 185.220.83.163| 185.220.83.192| 185.220.83.165| 185.220.83.214| 185.220.83.205| 185.220.83.127| 185.220.83.211| 185.220.83.254,LIMPIO,,0
185.220.84.0/24,185.220.84.1| 185.220.84.5| 185.220.84.71| 185.220.84.31| 185.220.84.74| 185.220.84.87| 185.220.84.69| 185.220.84.208| 185.220.84.230| 185.220.84.156| 185.220.84.15| 185.220.84.102| 185.220.84.252| 185.220.84.209| 185.220.84.254,BLOQUEO,,15
185.220.85.0/24,185.220.85.1| 185.220.85.242| 185.220.85.105| 185.220.85.21| 185.220.85.252| 185.220.85.53| 185.220.85.85| 185.220.85.94| 185.220.85.136| 185.220.85.116| 185.220.85.230| 185.220.85.118| 185.220.85.131| 185.220.85.219| 185.220.85.254,BLOQUEO,,15
185.220.86.0/24,185.220.86.1| 185.220.86.147| 185.220.86.111| 185.220.86.68| 185.220.86.195| 185.220.86.138| 185.220.86.92| 185.220.86.85| 185.220.86.231| 185.220.86.9| 185.220.86.19| 185.220.86.51| 185.220.86.53| 185.220.86.192| 185.220.86.254,BLOQUEO,,15
185.220.87.0/24,185.220.87.1| 185.220.87.164| 185.220.87.248| 185.220.87.172| 185.220.87.68| 185.220.87.26| 185.220.87.67| 185.220.87.7| 185.220.87.61| 185.220.87.238| 185.220.87.240| 185.220.87.200| 185.220.87.118| 185.220.87.15| 185.220.87.254,BLOQUEO,,15
185.220.88.0/24,185.220.88.1| 185.220.88.155| 185.220.88.165| 185.220.88.137| 185.220.88.248| 185.220.88.205| 185.220.88.251| 185.220.88.180| 185.220.88.201| 185.220.88.26| 185.220.88.69| 185.220.88.122| 185.220.88.236| 185.220.88.253| 185.220.88.254,LIMPIO,,0
185.220.89.0/24,185.220.89.1| 185.220.89.240| 185.220.89.190| 185.220.89.71| 185.220.89.59| 185.220.89.172| 185.220.89.176| 185.220.89.63| 185.220.89.9| 185.220.89.160| 185.220.89.150| 185.220.89.184| 185.220.89.51| 185.220.89.157| 185.220.89.254,LIMPIO,,0
185.220.90.0/24,185.220.90.1| 185.220.90.44| 185.220.90.247| 185.220.90.126| 185.220.90.131| 185.220.90.42| 185.220.90.187| 185.220.90.244| 185.220.90.204| 185.220.90.180| 185.220.90.81| 185.220.90.48| 185.220.90.203| 185.220.90.243| 185.220.90.254,LIMPIO,,0
185.220.91.0/24,185.220.91.1| 185.220.91.31| 185.220.91.96| 185.220.91.210| 185.220.91.190| 185.220.91.63| 185.220.91.252| 185.220.91.199| 185.220.91.28| 185.220.91.183| 185.220.91.62| 185.220.91.95| 185.220.91.112| 185.220.91.70| 185.220.91.254,LIMPIO,,0
185.220.92.0/24,185.220.92.1| 185.220.92.216| 185.220.92.222| 185.220.92.71| 185.220.92.227| 185.220.92.234| 185.220.92.7| 185.220.92.214| 185.220.92.75| 185.220.92.56| 185.220.92.12| 185.220.92.94| 185.220.92.162| 185.220.92.17| 185.220.92.254,LIMPIO,,0
185.220.93.0/24,185.220.93.1| 185.220.93.7| 185.220.93.38| 185.220.93.70| 185.220.93.147| 185.220.93.36| 185.220.93.23| 185.220.93.201| 185.220.93.47| 185.220.93.195| 185.220.93.205| 185.220.93.131| 185.220.93.148| 185.220.93.34| 185.220.93.254,LIMPIO,,0
185.220.94.0/24,185.220.94.1| 185.220.94.62| 185.220.94.92| 185.220.94.77| 185.220.94.136| 185.220.94.53| 185.220.94.170| 185.220.94.232| 185.220.94.134| 185.220.94.204| 185.220.94.188| 185.220.94.106| 185.220.94.27| 185.220.94.115| 185.220.94.254,LIMPIO,,0
185.220.95.0/24,185.220.95.1| 185.220.95.131| 185.220.95.81| 185.220.95.88| 185.220.95.94| 185.220.95.20| 185.220.95.245| 185.220.95.117| 185.220.95.125| 185.220.95.36| 185.220.95.30| 185.220.95.182| 185.220.95.243| 185.220.95.39| 185.220.95.254,LIMPIO,,0
185.220.96.0/24,185.220.96.1| 185.220.96.239| 185.220.96.93| 185.220.96.197| 185.220.96.246| 185.220.96.51| 185.220.96.35| 185.220.96.235| 185.220.96.62| 185.220.96.142| 185.220.96.207| 185.220.96.36| 185.220.96.64| 185.220.96.251| 185.220.96.254,LIMPIO,,0
185.220.97.0/24,185.220.97.1| 185.220.97.191| 185.220.97.53| 185.220.97.41| 185.220.97.88| 185.220.97.119| 185.220.97.72| 185.220.97.93| 185.220.97.139| 185.220.97.152| 185.220.97.39| 185.220.97.131| 185.220.97.10| 185.220.97.147| 185.220.97.254,LIMPIO,,0
185.220.98.0/24,185.220.98.1| 185.220.98.125| 185.220.98.247| 185.220.98.227| 185.220.98.91| 185.220.98.221| 185.220.98.246| 185.220.98.143| 185.220.98.46| 185.220.98.156| 185.220.98.192| 185.220.98.248| 185.220.98.137| 185.220.98.179| 185.220.98.254,LIMPIO,,0
185.220.99.0/24,185.220.99.1| 185.220.99.91| 185.220.99.5| 185.220.99.178| 185.220.99.180| 185.220.99.232| 185.220.99.2| 185.220.99.242| 185.220.99.219| 185.220.99.41| 185.220.99.215| 185.220.99.176| 185.220.99.227| 185.220.99.64| 185.220.99.254,LIMPIO,,0
185.220.100.0/24,185.220.100.1| 185.220.100.26| 185.220.100.28| 185.220.100.241| 185.220.100.240| 185.220.100.165| 185.220.100.152| 185.220.100.153| 185.220.100.79| 185.220.100.201| 185.220.100.102| 185.220.100.158| 185.220.100.131| 185.220.100.222| 185.220.100.254,BLOQUEO,,15
185.220.101.0/24,185.220.101.2,AUDITORIA,1,1
185.220.101.0/24,185.220.101.3,AUDITORIA,1,1
185.220.101.0/24,185.220.101.4,AUDITORIA,1,1
185.220.101.0/24,185.220.101.5,AUDITORIA,1,1
185.220.101.0/24,185.220.101.6,AUDITORIA,1,1
185.220.101.0/24,185.220.101.7,AUDITORIA,1,1
185.220.101.0/24,185.220.101.8,AUDITORIA,1,1
185.220.101.0/24,185.220.101.9,AUDITORIA,1,1
185.220.101.0/24,185.220.101.10,AUDITORIA,1,1
185.220.101.0/24,185.220.101.11,AUDITORIA,1,1
185.220.101.0/24,185.220.101.12,AUDITORIA,1,1
185.220.101.0/24,185.220.101.13,AUDITORIA,1,1
185.220.101.0/24,185.220.101.14,AUDITORIA,1,1
185.220.101.0/24,185.220.101.15,AUDITORIA,1,1
185.220.101.0/24,185.220.101.16,AUDITORIA,1,1
185.220.101.0/24,185.220.101.17,AUDITORIA,1,1
185.220.101.0/24,185.220.101.18,AUDITORIA,1,1
185.220.101.0/24,185.220.101.20,AUDITORIA,1,1
185.220.101.0/24,185.220.101.21,AUDITORIA,1,1
185.220.101.0/24,185.220.101.22,AUDITORIA,1,1
185.220.101.0/24,185.220.101.23,AUDITORIA,1,1
185.220.101.0/24,185.220.101.25,AUDITORIA,1,1
185.220.101.0/24,185.220.101.26,AUDITORIA,1,1
185.220.101.0/24,185.220.101.27,AUDITORIA,1,1
185.220.101.0/24,185.220.101.28,AUDITORIA,1,1
185.220.101.0/24,185.220.101.29,AUDITORIA,1,1
185.220.101.0/24,185.220.101.30,AUDITORIA,1,1
185.220.101.0/24,185.220.101.31,AUDITORIA,1,1
185.220.101.0/24,185.220.101.32,AUDITORIA,1,1
185.220.101.0/24,185.220.101.33,AUDITORIA,1,1
185.220.101.0/24,185.220.101.34,AUDITORIA,1,1
185.220.101.0/24,185.220.101.35,AUDITORIA,1,1
185.220.101.0/24,185.220.101.36,AUDITORIA,1,1
185.220.101.0/24,185.220.101.37,AUDITORIA,1,1
185.220.101.0/24,185.220.101.39,AUDITORIA,1,1
185.220.101.0/24,185.220.101.40,AUDITORIA,1,1
185.220.101.0/24,185.220.101.41,AUDITORIA,1,1
185.220.101.0/24,185.220.101.42,AUDITORIA,1,1
185.220.101.0/24,185.220.101.43,AUDITORIA,1,1
185.220.101.0/24,185.220.101.44,AUDITORIA,1,1
185.220.101.0/24,185.220.101.45,AUDITORIA,1,1
185.220.101.0/24,185.220.101.46,AUDITORIA,1,1
185.220.101.0/24,185.220.101.48,AUDITORIA,1,1
185.220.101.0/24,185.220.101.49,AUDITORIA,1,1
185.220.101.0/24,185.220.101.50,AUDITORIA,1,1
185.220.101.0/24,185.220.101.51,AUDITORIA,1,1
185.220.101.0/24,185.220.101.52,AUDITORIA,1,1
185.220.101.0/24,185.220.101.53,AUDITORIA,1,1
185.220.101.0/24,185.220.101.54,AUDITORIA,1,1
185.220.101.0/24,185.220.101.55,AUDITORIA,1,1
185.220.101.0/24,185.220.101.56,AUDITORIA,1,1
185.220.101.0/24,185.220.101.57,AUDITORIA,1,1
185.220.101.0/24,185.220.101.58,AUDITORIA,1,1
185.220.101.0/24,185.220.101.59,AUDITORIA,1,1
185.220.101.0/24,185.220.101.60,AUDITORIA,1,1
185.220.101.0/24,185.220.101.61,AUDITORIA,1,1
185.220.101.0/24,185.220.101.62,AUDITORIA,1,1
185.220.101.0/24,185.220.101.63,AUDITORIA,1,1
185.220.101.0/24,185.220.101.64,AUDITORIA,1,1
185.220.101.0/24,185.220.101.65,AUDITORIA,1,1
185.220.101.0/24,185.220.101.66,AUDITORIA,1,1
185.220.101.0/24,185.220.101.67,AUDITORIA,1,1
185.220.101.0/24,185.220.101.69,AUDITORIA,1,1
185.220.101.0/24,185.220.101.70,AUDITORIA,1,1
185.220.101.0/24,185.220.101.71,AUDITORIA,1,1
185.220.101.0/24,185.220.101.72,AUDITORIA,1,1
185.220.101.0/24,185.220.101.73,AUDITORIA,1,1
185.220.101.0/24,185.220.101.74,AUDITORIA,1,1
185.220.101.0/24,185.220.101.78,AUDITORIA,1,1
185.220.101.0/24,185.220.101.79,AUDITORIA,1,1
185.220.101.0/24,185.220.101.80,AUDITORIA,1,1
185.220.101.0/24,185.220.101.81,AUDITORIA,1,1
185.220.101.0/24,185.220.101.82,AUDITORIA,1,1
185.220.101.0/24,185.220.101.83,AUDITORIA,1,1
185.220.101.0/24,185.220.101.84,AUDITORIA,1,1
185.220.101.0/24,185.220.101.87,AUDITORIA,1,1
185.220.101.0/24,185.220.101.88,AUDITORIA,1,1
185.220.101.0/24,185.220.101.89,AUDITORIA,1,1
185.220.101.0/24,185.220.101.90,AUDITORIA,1,1
185.220.101.0/24,185.220.101.91,AUDITORIA,1,1
185.220.101.0/24,185.220.101.92,AUDITORIA,1,1
185.220.101.0/24,185.220.101.93,AUDITORIA,1,1
185.220.101.0/24,185.220.101.94,AUDITORIA,1,1
185.220.101.0/24,185.220.101.96,AUDITORIA,1,1
185.220.101.0/24,185.220.101.97,AUDITORIA,1,1
185.220.101.0/24,185.220.101.98,AUDITORIA,1,1
185.220.101.0/24,185.220.101.99,AUDITORIA,1,1
185.220.101.0/24,185.220.101.100,AUDITORIA,1,1
185.220.101.0/24,185.220.101.101,AUDITORIA,1,1
185.220.101.0/24,185.220.101.102,AUDITORIA,1,1
185.220.101.0/24,185.220.101.103,AUDITORIA,1,1
185.220.101.0/24,185.220.101.104,AUDITORIA,1,1
185.220.101.0/24,185.220.101.105,AUDITORIA,1,1
185.220.101.0/24,185.220.101.106,AUDITORIA,1,1
185.220.101.0/24,185.220.101.107,AUDITORIA,1,1
185.220.101.0/24,185.220.101.108,AUDITORIA,1,1
185.220.101.0/24,185.220.101.109,AUDITORIA,1,1
185.220.101.0/24,185.220.101.110,AUDITORIA,1,1
185.220.101.0/24,185.220.101.111,AUDITORIA,1,1
185.220.101.0/24,185.220.101.112,AUDITORIA,1,1
185.220.101.0/24,185.220.101.113,AUDITORIA,1,1
185.220.101.0/24,185.220.101.114,AUDITORIA,1,1
185.220.101.0/24,185.220.101.115,AUDITORIA,1,1
185.220.101.0/24,185.220.101.116,AUDITORIA,1,1
185.220.101.0/24,185.220.101.117,AUDITORIA,1,1
185.220.101.0/24,185.220.101.118,AUDITORIA,1,1
185.220.101.0/24,185.220.101.119,AUDITORIA,1,1
185.220.101.0/24,185.220.101.121,AUDITORIA,1,1
185.220.101.0/24,185.220.101.122,AUDITORIA,1,1
185.220.101.0/24,185.220.101.123,AUDITORIA,1,1
185.220.101.0/24,185.220.101.124,AUDITORIA,1,1
185.220.101.0/24,185.220.101.125,AUDITORIA,1,1
185.220.101.0/24,185.220.101.126,AUDITORIA,1,1
185.220.101.0/24,185.220.101.127,AUDITORIA,1,1
185.220.101.0/24,185.220.101.128,AUDITORIA,1,1
185.220.101.0/24,185.220.101.129,AUDITORIA,1,1
185.220.101.0/24,185.220.101.130,AUDITORIA,1,1
185.220.101.0/24,185.220.101.131,AUDITORIA,1,1
185.220.101.0/24,185.220.101.133,AUDITORIA,1,1
185.220.101.0/24,185.220.101.134,AUDITORIA,1,1
185.220.101.0/24,185.220.101.135,AUDITORIA,1,1
185.220.101.0/24,185.220.101.136,AUDITORIA,1,1
185.220.101.0/24,185.220.101.137,AUDITORIA,1,1
185.220.101.0/24,185.220.101.138,AUDITORIA,1,1
185.220.101.0/24,185.220.101.139,AUDITORIA,1,1
185.220.101.0/24,185.220.101.140,AUDITORIA,1,1
185.220.101.0/24,185.220.101.142,AUDITORIA,1,1
185.220.101.0/24,185.220.101.143,AUDITORIA,1,1
185.220.101.0/24,185.220.101.144,AUDITORIA,1,1
185.220.101.0/24,185.220.101.145,AUDITORIA,1,1
185.220.101.0/24,185.220.101.146,AUDITORIA,1,1
185.220.101.0/24,185.220.101.147,AUDITORIA,1,1
185.220.101.0/24,185.220.101.148,AUDITORIA,1,1
185.220.101.0/24,185.220.101.149,AUDITORIA,1,1
185.220.101.0/24,185.220.101.150,AUDITORIA,1,1
185.220.101.0/24,185.220.101.151,AUDITORIA,1,1
185.220.101.0/24,185.220.101.152,AUDITORIA,1,1
185.220.101.0/24,185.220.101.153,AUDITORIA,1,1
185.220.101.0/24,185.220.101.154,AUDITORIA,1,1
185.220.101.0/24,185.220.101.156,AUDITORIA,1,1
185.220.101.0/24,185.220.101.157,AUDITORIA,1,1
185.220.101.0/24,185.220.101.158,AUDITORIA,1,1
185.220.101.0/24,185.220.101.159,AUDITORIA,1,1
185.220.101.0/24,185.220.101.160,AUDITORIA,1,1
185.220.101.0/24,185.220.101.161,AUDITORIA,1,1
185.220.101.0/24,185.220.101.162,AUDITORIA,1,1
185.220.101.0/24,185.220.101.163,AUDITORIA,1,1
185.220.101.0/24,185.220.101.164,AUDITORIA,1,1
185.220.101.0/24,185.220.101.165,AUDITORIA,1,1
185.220.101.0/24,185.220.101.166,AUDITORIA,1,1
185.220.101.0/24,185.220.101.167,AUDITORIA,1,1
185.220.101.0/24,185.220.101.168,AUDITORIA,1,1
185.220.101.0/24,185.220.101.170,AUDITORIA,1,1
185.220.101.0/24,185.220.101.171,AUDITORIA,1,1
185.220.101.0/24,185.220.101.172,AUDITORIA,1,1
185.220.101.0/24,185.220.101.173,AUDITORIA,1,1
185.220.101.0/24,185.220.101.174,AUDITORIA,1,1
185.220.101.0/24,185.220.101.175,AUDITORIA,1,1
185.220.101.0/24,185.220.101.176,AUDITORIA,1,1
185.220.101.0/24,185.220.101.177,AUDITORIA,1,1
185.220.101.0/24,185.220.101.178,AUDITORIA,1,1
185.220.101.0/24,185.220.101.179,AUDITORIA,1,1
185.220.101.0/24,185.220.101.180,AUDITORIA,1,1
185.220.101.0/24,185.220.101.181,AUDITORIA,1,1
185.220.101.0/24,185.220.101.182,AUDITORIA,1,1
185.220.101.0/24,185.220.101.183,AUDITORIA,1,1
185.220.101.0/24,185.220.101.184,AUDITORIA,1,1
185.220.101.0/24,185.220.101.185,AUDITORIA,1,1
185.220.101.0/24,185.220.101.186,AUDITORIA,1,1
185.220.101.0/24,185.220.101.187,AUDITORIA,1,1
185.220.101.0/24,185.220.101.188,AUDITORIA,1,1
185.220.101.0/24,185.220.101.189,AUDITORIA,1,1
185.220.101.0/24,185.220.101.190,AUDITORIA,1,1
185.220.101.0/24,185.220.101.192,AUDITORIA,1,1
185.220.101.0/24,185.220.101.193,AUDITORIA,1,1
185.220.101.0/24,185.220.101.194,AUDITORIA,1,1
185.220.101.0/24,185.220.101.195,AUDITORIA,1,1
185.220.101.0/24,185.220.101.196,AUDITORIA,1,1
185.220.101.0/24,185.220.101.198,AUDITORIA,1,1
185.220.101.0/24,185.220.101.199,AUDITORIA,1,1
185.220.101.0/24,185.220.101.200,AUDITORIA,1,1
185.220.101.0/24,185.220.101.201,AUDITORIA,1,1
185.220.101.0/24,185.220.101.202,AUDITORIA,1,1
185.220.101.0/24,185.220.101.203,AUDITORIA,1,1
185.220.101.0/24,185.220.101.204,AUDITORIA,1,1
185.220.101.0/24,185.220.101.205,AUDITORIA,1,1
185.220.101.0/24,185.220.101.206,AUDITORIA,1,1
185.220.101.0/24,185.220.101.207,AUDITORIA,1,1
185.220.101.0/24,185.220.101.208,AUDITORIA,1,1
185.220.101.0/24,185.220.101.209,AUDITORIA,1,1
185.220.101.0/24,185.220.101.210,AUDITORIA,1,1
185.220.101.0/24,185.220.101.211,AUDITORIA,1,1
185.220.101.0/24,185.220.101.212,AUDITORIA,1,1
185.220.101.0/24,185.220.101.213,AUDITORIA,1,1
185.220.101.0/24,185.220.101.214,AUDITORIA,1,1
185.220.101.0/24,185.220.101.215,AUDITORIA,1,1
185.220.101.0/24,185.220.101.216,AUDITORIA,1,1
185.220.101.0/24,185.220.101.217,AUDITORIA,1,1
185.220.101.0/24,185.220.101.218,AUDITORIA,1,1
185.220.101.0/24,185.220.101.219,AUDITORIA,1,1
185.220.101.0/24,185.220.101.220,AUDITORIA,1,1
185.220.101.0/24,185.220.101.221,AUDITORIA,1,1
185.220.101.0/24,185.220.101.222,AUDITORIA,1,1
185.220.101.0/24,185.220.101.223,AUDITORIA,1,1
185.220.101.0/24,185.220.101.224,AUDITORIA,1,1
185.220.101.0/24,185.220.101.225,AUDITORIA,1,1
185.220.101.0/24,185.220.101.226,AUDITORIA,1,1
185.220.101.0/24,185.220.101.227,AUDITORIA,1,1
185.220.101.0/24,185.220.101.228,AUDITORIA,1,1
185.220.101.0/24,185.220.101.229,AUDITORIA,1,1
185.220.101.0/24,185.220.101.231,AUDITORIA,1,1
185.220.101.0/24,185.220.101.232,AUDITORIA,1,1
185.220.101.0/24,185.220.101.233,AUDITORIA,1,1
185.220.101.0/24,185.220.101.234,AUDITORIA,1,1
185.220.101.0/24,185.220.101.236,AUDITORIA,1,1
185.220.101.0/24,185.220.101.237,AUDITORIA,1,1
185.220.101.0/24,185.220.101.238,AUDITORIA,1,1
185.220.101.0/24,185.220.101.239,AUDITORIA,1,1
185.220.101.0/24,185.220.101.240,AUDITORIA,1,1
185.220.101.0/24,185.220.101.241,AUDITORIA,1,1
185.220.101.0/24,185.220.101.242,AUDITORIA,1,1
185.220.101.0/24,185.220.101.243,AUDITORIA,1,1
185.220.101.0/24,185.220.101.244,AUDITORIA,1,1
185.220.101.0/24,185.220.101.245,AUDITORIA,1,1
185.220.101.0/24,185.220.101.246,AUDITORIA,1,1
185.220.101.0/24,185.220.101.247,AUDITORIA,1,1
185.220.101.0/24,185.220.101.248,AUDITORIA,1,1
185.220.101.0/24,185.220.101.249,AUDITORIA,1,1
185.220.101.0/24,185.220.101.250,AUDITORIA,1,1
185.220.101.0/24,185.220.101.251,AUDITORIA,1,1
185.220.101.0/24,185.220.101.252,AUDITORIA,1,1
185.220.102.0/24,185.220.102.1| 185.220.102.59| 185.220.102.139| 185.220.102.131| 185.220.102.91| 185.220.102.86| 185.220.102.22| 185.220.102.203| 185.220.102.4| 185.220.102.130| 185.220.102.95| 185.220.102.129| 185.220.102.69| 185.220.102.70| 185.220.102.254,BLOQUEO,,15
185.220.103.0/24,185.220.103.1| 185.220.103.175| 185.220.103.36| 185.220.103.44| 185.220.103.244| 185.220.103.142| 185.220.103.130| 185.220.103.50| 185.220.103.213| 185.220.103.184| 185.220.103.224| 185.220.103.65| 185.220.103.140| 185.220.103.158| 185.220.103.254,BLOQUEO,,15
185.220.104.0/24,185.220.104.1| 185.220.104.246| 185.220.104.36| 185.220.104.191| 185.220.104.82| 185.220.104.182| 185.220.104.228| 185.220.104.49| 185.220.104.147| 185.220.104.89| 185.220.104.136| 185.220.104.130| 185.220.104.151| 185.220.104.164| 185.220.104.254,LIMPIO,,0
185.220.105.0/24,185.220.105.1| 185.220.105.67| 185.220.105.48| 185.220.105.22| 185.220.105.32| 185.220.105.163| 185.220.105.83| 185.220.105.232| 185.220.105.221| 185.220.105.123| 185.220.105.115| 185.220.105.210| 185.220.105.241| 185.220.105.160| 185.220.105.254,LIMPIO,,0
185.220.106.0/24,185.220.106.1| 185.220.106.69| 185.220.106.253| 185.220.106.239| 185.220.106.111| 185.220.106.68| 185.220.106.235| 185.220.106.194| 185.220.106.89| 185.220.106.115| 185.220.106.92| 185.220.106.14| 185.220.106.213| 185.220.106.11| 185.220.106.254,LIMPIO,,0
185.220.107.0/24,185.220.107.1| 185.220.107.8| 185.220.107.48| 185.220.107.181| 185.220.107.129| 185.220.107.222| 185.220.107.171| 185.220.107.180| 185.220.107.249| 185.220.107.166| 185.220.107.190| 185.220.107.211| 185.220.107.250| 185.220.107.21| 185.220.107.254,LIMPIO,,0
185.220.108.0/24,185.220.108.1| 185.220.108.139| 185.220.108.2| 185.220.108.163| 185.220.108.5| 185.220.108.40| 185.220.108.249| 185.220.108.99| 185.220.108.71| 185.220.108.156| 185.220.108.138| 185.220.108.230| 185.220.108.126| 185.220.108.26| 185.220.108.254,LIMPIO,,0
185.220.109.0/24,185.220.109.1| 185.220.109.187| 185.220.109.230| 185.220.109.104| 185.220.109.183| 185.220.109.247| 185.220.109.227| 185.220.109.238| 185.220.109.77| 185.220.109.58| 185.220.109.213| 185.220.109.245| 185.220.109.240| 185.220.109.71| 185.220.109.254,LIMPIO,,0
185.220.110.0/24,185.220.110.1| 185.220.110.169| 185.220.110.28| 185.220.110.40| 185.220.110.242| 185.220.110.224| 185.220.110.71| 185.220.110.11| 185.220.110.194| 185.220.110.193| 185.220.110.79| 185.220.110.229| 185.220.110.237| 185.220.110.187| 185.220.110.254,LIMPIO,,0
185.220.111.0/24,185.220.111.1| 185.220.111.43| 185.220.111.13| 185.220.111.17| 185.220.111.118| 185.220.111.98| 185.220.111.161| 185.220.111.222| 185.220.111.219| 185.220.111.165| 185.220.111.156| 185.220.111.150| 185.220.111.28| 185.220.111.30| 185.220.111.254,LIMPIO,,0
185.220.112.0/24,185.220.112.1| 185.220.112.24| 185.220.112.96| 185.220.112.199| 185.220.112.217| 185.220.112.133| 185.220.112.209| 185.220.112.134| 185.220.112.120| 185.220.112.33| 185.220.112.196| 185.220.112.29| 185.220.112.236| 185.220.112.54| 185.220.112.254,BLOQUEO,,15
185.220.113.0/24,185.220.113.1| 185.220.113.86| 185.220.113.178| 185.220.113.239| 185.220.113.249| 185.220.113.231| 185.220.113.117| 185.220.113.152| 185.220.113.194| 185.220.113.15| 185.220.113.145| 185.220.113.35| 185.220.113.251| 185.220.113.207| 185.220.113.254,BLOQUEO,,15
185.220.114.0/24,185.220.114.1| 185.220.114.38| 185.220.114.132| 185.220.114.69| 185.220.114.55| 185.220.114.193| 185.220.114.160| 185.220.114.16| 185.220.114.148| 185.220.114.247| 185.220.114.122| 185.220.114.221| 185.220.114.134| 185.220.114.45| 185.220.114.254,BLOQUEO,,15
185.220.115.0/24,185.220.115.1| 185.220.115.53| 185.220.115.44| 185.220.115.93| 185.220.115.78| 185.220.115.50| 185.220.115.209| 185.220.115.62| 185.220.115.38| 185.220.115.89| 185.220.115.233| 185.220.115.148| 185.220.115.212| 185.220.115.179| 185.220.115.254,BLOQUEO,,15
185.220.116.0/24,185.220.116.1| 185.220.116.106| 185.220.116.204| 185.220.116.75| 185.220.116.240| 185.220.116.148| 185.220.116.176| 185.220.116.202| 185.220.116.123| 185.220.116.173| 185.220.116.201| 185.220.116.98| 185.220.116.116| 185.220.116.16| 185.220.116.254,LIMPIO,,0
185.220.117.0/24,185.220.117.1| 185.220.117.190| 185.220.117.110| 185.220.117.47| 185.220.117.157| 185.220.117.28| 185.220.117.218| 185.220.117.132| 185.220.117.192| 185.220.117.170| 185.220.117.211| 185.220.117.245| 185.220.117.216| 185.220.117.64| 185.220.117.254,LIMPIO,,0
185.220.118.0/24,185.220.118.1| 185.220.118.233| 185.220.118.69| 185.220.118.113| 185.220.118.58| 185.220.118.162| 185.220.118.72| 185.220.118.215| 185.220.118.195| 185.220.118.217| 185.220.118.117| 185.220.118.47| 185.220.118.219| 185.220.118.91| 185.220.118.254,LIMPIO,,0
185.220.119.0/24,185.220.119.1| 185.220.119.15| 185.220.119.107| 185.220.119.63| 185.220.119.112| 185.220.119.194| 185.220.119.7| 185.220.119.61| 185.220.119.124| 185.220.119.80| 185.220.119.59| 185.220.119.233| 185.220.119.36| 185.220.119.199| 185.220.119.254,LIMPIO,,0
185.220.120.0/24,185.220.120.1| 185.220.120.153| 185.220.120.178| 185.220.120.7| 185.220.120.88| 185.220.120.196| 185.220.120.82| 185.220.120.213| 185.220.120.14| 185.220.120.202| 185.220.120.138| 185.220.120.162| 185.220.120.183| 185.220.120.104| 185.220.120.254,LIMPIO,,0
185.220.121.0/24,185.220.121.1| 185.220.121.221| 185.220.121.55| 185.220.121.216| 185.220.121.144| 185.220.121.107| 185.220.121.73| 185.220.121.40| 185.220.121.187| 185.220.121.137| 185.220.121.44| 185.220.121.129| 185.220.121.52| 185.220.121.66| 185.220.121.254,LIMPIO,,0
185.220.122.0/24,185.220.122.1| 185.220.122.253| 185.220.122.127| 185.220.122.106| 185.220.122.138| 185.220.122.170| 185.220.122.15| 185.220.122.210| 185.220.122.251| 185.220.122.144| 185.220.122.192| 185.220.122.162| 185.220.122.32| 185.220.122.108| 185.220.122.254,LIMPIO,,0
185.220.123.0/24,185.220.123.1| 185.220.123.106| 185.220.123.247| 185.220.123.209| 185.220.123.193| 185.220.123.118| 185.220.123.140| 185.220.123.27| 185.220.123.171| 185.220.123.251| 185.220.123.107| 185.220.123.182| 185.220.123.224| 185.220.123.25| 185.220.123.254,LIMPIO,,0
185.220.124.0/24,185.220.124.1| 185.220.124.52| 185.220.124.131| 185.220.124.8| 185.220.124.190| 185.220.124.211| 185.220.124.168| 185.220.124.69| 185.220.124.212| 185.220.124.230| 185.220.124.124| 185.220.124.186| 185.220.124.138| 185.220.124.166| 185.220.124.254,LIMPIO,,0
185.220.125.0/24,185.220.125.1| 185.220.125.34| 185.220.125.125| 185.220.125.61| 185.220.125.140| 185.220.125.21| 185.220.125.197| 185.220.125.22| 185.220.125.227| 185.220.125.111| 185.220.125.59| 185.220.125.200| 185.220.125.65| 185.220.125.139| 185.220.125.254,LIMPIO,,0
185.220.126.0/24,185.220.126.1| 185.220.126.69| 185.220.126.134| 185.220.126.120| 185.220.126.32| 185.220.126.126| 185.220.126.43| 185.220.126.63| 185.220.126.246| 185.220.126.208| 185.220.126.240| 185.220.126.242| 185.220.126.236| 185.220.126.205| 185.220.126.254,LIMPIO,,0
185.220.127.0/24,185.220.127.1| 185.220.127.35| 185.220.127.184| 185.220.127.61| 185.220.127.62| 185.220.127.99| 185.220.127.24| 185.220.127.80| 185.220.127.194| 185.220.127.85| 185.220.127.174| 185.220.127.132| 185.220.127.37| 185.220.127.243| 185.220.127.254,LIMPIO,,0
